movie_id,movie_title
330457,겨울왕국 2
480042,이스케이프 플랜 3
429617,스파이더맨: 파 프롬 홈
475557,조커
420818,라이온 킹
466272,원스 어폰 어 타임 인 할리우드
290859,터미네이터: 다크 페이트
645541,존과 맥의 요상한 우주여행
423204,엔젤 해즈 폴른
568012,원피스 : 스탬피드
474350,그것: 두 번째 이야기
920,카
453405,제미니 맨
359724,포드 V 페라리
611207,크리스마스에 기사가 올까요?
449924,엽문 4
486589,레드슈즈
420817,알라딘
508965,클라우스
476631,바비: 돌핀 매직
539,싸이코
453075,어느 여름날 밤에
384018,분노의 질주: 홉스 & 쇼
458897,미녀 삼총사
522938,람보: 라스트 워
640882,3022
299536,어벤져스: 인피니티 워
546554,나이브스 아웃
101411,23-F: la película
559969,브레이킹 배드 무비: 엘 카미노
11,스타워즈 에피소드 4: 새로운 희망
484641,안나
540247,다이노소어 월드
487616,큐리오사
567609,레디 오어 낫
420809,말레피센트 2
109445,겨울왕국
399579,알리타: 배틀 엔젤
496243,기생충
458156,존 윅 3: 파라벨룸
540901,허슬러
313106,닥터 후: 닥터의 날
245891,존 윅
246655,엑스맨: 아포칼립스
499701,도라와 잃어버린 황금의 도시
155,다크 나이트
522162,미드웨이
299534,어벤져스: 엔드게임
398978,아이리시맨
501907,어 뷰티풀 데이 인 더 네이버후드
671,해리 포터와 마법사의 돌
283995,가디언즈 오브 갤럭시 Vol. 2
551807,Untitled Fox/Marvel Film II
301528,토이 스토리 4
22,캐리비안의 해적: 블랙펄의 저주
87101,터미네이터: 제니시스
297802,아쿠아맨
480105,47 미터 2
320288,엑스맨: 다크 피닉스
71805,행운의 난파선
122,반지의 제왕: 왕의 귀환
181812,스타워즈: 라이즈 오브 스카이워커
101,레옹
513409,지진새
166428,드래곤 길들이기 3
535292,21 브릿지
122917,호빗: 다섯 군대 전투
528888,내 이름은 돌러마이트
521777,굿 보이즈
46853,유년의 사랑
501170,닥터 슬립
529862,브리트니 런스 어 마라톤
299537,캡틴 마블
118340,가디언즈 오브 갤럭시
238636,더 퍼지: 거리의 반란
293660,데드풀
272,배트맨 비긴즈
611914,The Courier
405177,어디 갔어 버나뎃
596302,짱구는 못말려 극장판: 신혼여행 허리케인 ~잃어버린 히로시~
373571,고질라: 킹 오브 몬스터
450465,글래스
472674,골드핀치
10098,키드
271110,캡틴 아메리카: 시빌 워
566057,루팡레인저 VS 패트레인저 VS 큐레인저
284053,토르: 라그나로크
395992,라이프
504949,더 킹: 헨리 5세
287947,샤잠!
608812,Handjob Cabin
324857,스파이더맨: 뉴 유니버스
157336,인터스텔라
515195,예스터데이
524,카지노
181808,스타워즈: 라스트 제다이
511987,크롤
454640,앵그리 버드 2: 독수리 왕국의 침공
447404,명탐정 피카츄
383498,데드풀 2
49026,다크 나이트 라이즈
335984,블레이드 러너 2049
295151,렛 잇 스노우
260513,인크레더블 2
38288,I Corti
198663,메이즈 러너
150540,인사이드 아웃
121,반지의 제왕: 두 개의 탑
27205,인셉션
619603,最初の晩餐
512895,레이디와 트램프
315635,스파이더맨: 홈커밍
338967,좀비랜드: 더블 탭
351286,쥬라기 월드: 폴른 킹덤
672,해리 포터와 비밀의 방
280,터미네이터 2: 심판의 날
1865,캐리비안의 해적: 낯선 조류
324552,존 윅: 리로드
521029,애나벨 집으로
512200,쥬만지: 넥스트 레벨
210577,나를 찾아줘
412117,마이펫의 이중생활  2
604165,극장판 가면라이더 지오 Over Quartzer
637963,Never Surrender: A Galaxy Quest Documentary
552178,Dark Waters
359940,쓰리 빌보드
489932,All Rise
102651,말레피센트
269149,주토피아
335983,베놈
549053,라스트 크리스마스
404368,주먹왕 랄프 2: 인터넷 속으로
603,매트릭스
627469,Magical Christmas Shoes
169187,খোকাবাবু
284054,블랙 팬서
424694,보헤미안 랩소디
24428,어벤져스
680,펄프 픽션
140607,스타워즈: 깨어난 포스
218,터미네이터
353081,미션 임파서블: 폴아웃
1726,아이언맨
228150,퓨리
479455,맨 인 블랙: 인터내셔널
177572,빅 히어로
98,글래디에이터
286217,마션
141052,저스티스 리그
278,쇼생크 탈출
530385,미드소마
1893,스타워즈 에피소드 1: 보이지 않는 위험
338952,신비한 동물들과 그린델왈드의 범죄
332562,스타 이즈 본
862,토이 스토리
550,파이트 클럽
532893,The Turkey Bowl
194662,버드맨
244786,위플래쉬
807,세븐
582083,仮面ライダービルドNEW WORLD　仮面ライダーグリス
112160,밝히는 가족의 섹스 스토리
442249,더 퍼스트 퍼지
98566,닌자터틀
329996,덤보
375315,세일즈맨
329865,컨택트
489,굿 윌 헌팅
10195,토르: 천둥의 신
19995,아바타
8587,라이온 킹
120,반지의 제왕: 반지 원정대
360920,그린치
150689,신데렐라
424783,범블비
627470,Twinkle All the Way
354912,코코
506554,주디와 펀치의 위험한 관계
333339,레디 플레이어 원
297762,원더 우먼
47643,Lilies - Les feluettes
12445,해리 포터와 죽음의 성물 - 2부
607,맨 인 블랙
621191,Blue Story
1895,스타워즈 에피소드 3: 시스의 복수
37724,007 스카이폴
638507,How to Train Your Dragon: Homecoming
1955,엘리펀트 맨
13387,트랜스포터 : 라스트 미션
381288,23 아이덴티티
18,제5원소
284052,닥터 스트레인지
58,캐리비안의 해적: 망자의 함
454467,노엘
16869,바스터즈: 거친 녀석들
12,니모를 찾아서
481084,아담스 패밀리
608,맨 인 블랙 2
557,스파이더맨
99861,어벤져스: 에이지 오브 울트론
259316,신비한 동물사전
238,대부
257445,구스범스
675,해리 포터와 불사조 기사단
17979,크리스마스 캐롤
863,토이 스토리 2
479,샤프트
417384,스케어리 스토리즈 투 텔 인 더 다크
491480,바람을 길들인 풍차소년
76338,토르: 다크 월드
597,타이타닉
639421,Turkey Drop
257344,픽셀
270946,마다가스카의 펭귄
59967,루퍼
348350,한 솔로: 스타워즈 스토리
673,해리 포터와 아즈카반의 죄수
205596,이미테이션 게임
62177,메리다와 마법의 숲
348,에이리언
504608,로켓맨
62,2001 스페이스 오디세이
1891,스타워즈 에피소드 5: 제국의 역습
466282,내가 사랑했던 모든 남자들에게
605509,The Amber Light
424,쉰들러 리스트
345940,메가로돈
508664,댄저 클로즈 : 롱탄 대전투
263115,로건
42229,특별한 날
566220,슈팅 마피아
131631,헝거게임: 모킹제이
470044,더 헤이트 유 기브
953,마다가스카
313369,라라랜드
562,다이 하드
1724,인크레더블 헐크
375588,후드
206647,007 스펙터
694,샤이닝
10193,토이 스토리 3
8392,이웃집 토토로
14160,업
646,007 살인 번호
879,후크
8966,트와일라잇
854,마스크
812,알라딘
640020,A Brother's Honor
674,해리 포터와 불의 잔
15383,그림자 군단
78108,Lucky7
1368,람보
537061,스티븐 유니버스: 더 무비
56292,미션 임파서블: 고스트 프로토콜
68718,장고: 분노의 추적자
428045,비이 2
625489,Recep İvedik 6
242582,나이트 크롤러
627,트레인스포팅
516700,군달라
38757,라푼젤
12429,벼랑 위의 포뇨
527641,파이브 피트
78,블레이드 러너
209112,배트맨 대 슈퍼맨: 저스티스의 시작
12444,해리 포터와 죽음의 성물 - 1부
260346,테이큰 3
828,지구 최후의 날
181533,박물관이 살아있다: 비밀의 무덤
321612,미녀와 야수
156022,더 이퀄라이저
126889,에이리언: 커버넌트
2048,"아이, 로봇"
372058,너의 이름은.
630027,フラグタイム
10764,007 퀀텀 오브 솔러스
129,센과 치히로의 행방불명
232175,작은 영혼의 쉼터
456740,헬보이
576713,The Gift: The Journey of Johnny Cash
254470,피치 퍼펙트: 언프리티 걸즈
1366,록키
631403,Our Christmas Love Song
840,미지와의 조우
533642,사탄의 인형
49017,드라큘라: 전설의 시작
106646,더 울프 오브 월 스트리트
93456,슈퍼배드 2
217,인디아나 존스: 크리스탈 해골의 왕국
804,로마의 휴일
337339,분노의 질주: 더 익스트림
449443,크리미널 스쿼드
767,해리 포터와 혼혈 왕자
13,포레스트 검프
549559,아폴로 11
324786,핵소 고지
480530,크리드 2
158015,더 퍼지
419704,애드 아스트라
168259,분노의 질주: 더 세븐
166426,캐리비안의 해적: 죽은 자는 말이 없다
553100,와일드 앤 프리
4935,하울의 움직이는 성
310,브루스 올마이티
381284,히든 피겨스
452832,세레니티
49051,호빗: 뜻밖의 여정
322,미스틱 리버
105,빽 투 더 퓨쳐
24,킬 빌: 1부
4348,오만과 편견
43074,고스트버스터즈
9880,프린세스 다이어리
620271,പൊറിഞ്ചു മറിയം ജോസ്
1930,어메이징 스파이더맨
599975,카운트다운
782,가타카
76341,매드 맥스: 분노의 도로
515001,조조 래빗
225886,동영상 유출 사건
198184,채피
567598,Greed
548789,The Hopeful Romantic
428078,모털 엔진
531309,더 보이
638806,Holiday Hearts
8619,마스터 앤드 커맨더: 위대한 정복자
363088,앤트맨과 와스프
49521,맨 오브 스틸
158852,투모로우랜드
268896,퍼시픽 림: 업라이징
20334,The Shop Around the Corner
177677,미션 임파서블: 로그네이션
578189,블랙 앤 블루
619162,決算！忠臣蔵
293167,콩: 스컬 아일랜드
289720,아웃캐스트 : 절명도망
127585,엑스맨: 데이즈 오브 퓨처 패스트
76757,주피터 어센딩
522681,이스케이프 룸
632346,Hand Off
10681,월-E
20352,슈퍼배드
64690,드라이브
645176,NXT TakeOver: WarGames
11130,프린세스 다이어리 2
82702,드래곤 길들이기 2
627493,Christmas at Graceland: Home for the Holidays
36557,007 카지노 로얄
7555,람보 4: 라스트 블러드
346364,그것
1735,미이라 3 - 황제의 무덤
197,브레이브하트
585,몬스터 주식회사
762,몬티 파이튼의 성배
537915,애프터
10144,인어공주
459992,롱 샷
135397,쥬라기 월드
400650,메리 포핀스 리턴즈
334543,라이언
2503,본 얼티메이텀
68721,아이언맨 3
493922,유전
136799,트롤
448095,아이 스틸 씨 유
534259,블라인디드 바이 더 라이트
272693,퀸카가 아니어도 좋아
10138,아이언맨 2
631428,Cherished Memories: A Gift to Remember 2
278927,정글북
262500,인서전트
57158,호빗: 스마우그의 폐허
11036,노트북
9806,인크레더블
1635,아일랜드
458723,어스
9335,트랜스포터 엑스트림
637865,Ring mamma!
643807,Ramprasad Ki Tehrvi
238615,셀프/리스
14,아메리칸 뷰티
400535,시카리오: 데이 오브 솔다도
710,007 골든 아이
402900,오션스 8
316727,더 퍼지: 심판의 날
32657,퍼시잭슨과 번개도둑
857,라이언 일병 구하기
119450,혹성탈출: 반격의 서막
627471,Christmas 9 to 5
343,해롤드와 모드
188207,헤라클레스 : 레전드 비긴즈
568,아폴로 13
10191,드래곤 길들이기
453,뷰티풀 마인드
49530,인 타임
429,석양의 무법자
75656,나우 유 씨 미: 마술사기단
281338,혹성탈출: 종의 전쟁
157350,다이버전트
189,씬 시티: 다크히어로의 부활
1369,람보 2
10020,미녀와 야수
454983,키싱 부스
281957,레버넌트: 죽음에서 돌아온 자
224141,숲속으로
68737,7번째 아들
2567,에비에이터
102899,앤트맨
559,스파이더맨 3
15737,Poco più di un anno fa
504172,라스트 미션
647102,你是凶手
460793,올라프의 겨울왕국 어드벤처
408,백설공주와 일곱 난쟁이
777,위대한 환상
313297,쿠보와 전설의 악기
273248,헤이트풀8
324849,레고 배트맨 무비
44214,블랙 스완
85,레이더스
891,대통령의 음모
80321,마다가스카 3 : 이번엔 서커스다!
154400,더 드롭
949,히트
339403,베이비 드라이버
484468,울프 콜
503919,더 라이트하우스
808,슈렉
563,스타쉽 트루퍼스
506574,디센던츠 3
830,금지된 행성
534,터미네이터: 미래전쟁의 시작
337167,50가지 그림자: 해방
418827,젊은 형부
9350,클리프행어
26022,내 이름은 칸
271718,나를 미치게 하는 여자
393624,오피셜 시크릿
567,이창
398818,콜 미 바이 유어 네임
254128,샌 안드레아스
3035,프랑켄슈타인
214756,19곰 테드2
616561,Håp
338970,툼레이더
375262,더 페이버릿: 여왕의 여자
120467,그랜드 부다페스트 호텔
265208,와일드 카드
643390,Pasmerkti. Pajūrio džiazas
604790,비욘드 라인
629,유주얼 서스펙트
1892,스타워즈 에피소드 6: 제다이의 귀환
49519,크루즈 패밀리
335,옛날 옛적 서부에서
12155,이상한 나라의 앨리스
343668,킹스맨: 골든 서클
136,프릭스
171274,인히어런트 바이스
350,악마는 프라다를 입는다
490132,그린북
574095,Se upp för Jönssonligan
676,진주만
9487,벅스 라이프
138843,컨저링
11324,셔터 아일랜드
10999,코만도
670,올드보이
127380,도리를 찾아서
82690,주먹왕 랄프
522924,더 아트 오브 레이싱 인 더 레인
621,그리스
1734,미이라 2
568091,프랙처드
581791,Un rubio
285,캐리비안의 해적: 세상의 끝에서
10198,공주와 개구리
638328,Nocta
648090,Shelby American
1894,스타워즈 에피소드 2: 클론의 습격
50619,브레이킹 던 Part1
648146,Tu Que Flutuas e Passas Por Mim
384756,래비드
117263,백악관 최후의 날
591,다빈치 코드
70981,프로메테우스
240,대부 2
527261,사일런스
633698,Les Barbares de La Malbaie
18239,뉴 문
510,뻐꾸기 둥지 위로 날아간 새
641548,Roh
447332,콰이어트 플레이스
294254,메이즈 러너: 스코치 트라이얼
604,매트릭스 2: 리로디드
787,미스터 & 미세스 스미스
681,007 다이아몬드는 영원히
10340,레이디와 트램프
47931,엘리트 스쿼드 2
630900,A Godwink Christmas: Meant For Love
492188,결혼 이야기
454626,수퍼 소닉
15144,아직은 사랑을 몰라요
4011,비틀쥬스
657,007 위기일발
369972,퍼스트맨
346910,더 프레데터
440471,이스케이프 플랜 2: 하데스
554241,플레잉 위드 파이어
567604,데드풀 2: 순한맛
64686,47 로닌
262543,오토마타
679,에이리언 2
316029,위대한 쇼맨
339984,미라클 프롬 헤븐
38055,메가마인드
513045,스투버
638805,Cherished Memories: A Gift to Remember 2
22843,에반게리온: 파
647181,Showman - The Life of John Nathan-Turner
277,언더월드
334074,스파이 서바이버
353486,쥬만지: 새로운 세계
571346,아메리칸 카마수트라
330459,로그 원: 스타워즈 스토리
73723,로렉스
500,저수지의 개들
184315,허큘리스
87,인디아나 존스: 마궁의 사원
530382,문 섀도우
419430,겟 아웃
1370,람보 3
532067,이 멋진 세계에 축복을! 붉은 전설
19908,좀비랜드
137113,엣지 오브 투모로우
49013,카 2
8961,나쁜 녀석들 2
107846,이스케이프 플랜
169917,툼스톤
220,에덴의 동쪽
615,패션 오브 크라이스트
8393,부시맨
72784,더 로프트 : 비밀의 방
10527,마다가스카 2
77,메멘토
813,에어플레인
1996,툼 레이더 2: 판도라의 상자
106,프레데터
2105,아메리칸 파이
300668,서던 리치: 소멸의 땅
405774,버드 박스
216015,그레이의 50가지 그림자
521,다이얼 M을 돌려라
146216,레드: 더 레전드
147441,엑소더스: 신들과 왕들
34433,드래곤볼 Z: 전설의 초사이어인이 나타나다! (구극장판 8기)
103,택시 드라이버
10014,나이트메어 2 : 프레디의 복수
10895,피노키오
58574,셜록 홈즈: 그림자 게임
1700,미저리
204922,내가 잠들기 전에
809,슈렉 2
241554,런 올 나이트
463257,더 피넛 버터 팔콘
9349,유니버셜 솔저
49529,존 카터: 바숨 전쟁의 서막
450001,엽문 외전
96,비버리 힐즈 캅 2
1124,프레스티지
176,쏘우
54138,스타 트렉: 다크니스
274857,킹 아서: 제왕의 검
926,갤럭시 퀘스트
207703,킹스맨: 시크릿 에이전트
772,나 홀로 집에 2 - 뉴욕을 헤매다
647805,Sole Mio
482981,와일드 로즈
130150,레이버 데이
647930,Récit de soi
10734,알카트라즈 탈출
369885,얼라이드
425,아이스 에이지
13475,스타 트렉: 더 비기닝
273481,시카리오:  암살자의 도시
291805,나우 유 씨 미 2
72113,대학살의 신
335988,트랜스포머: 최후의 기사
374720,덩케르크
193388,دعاء الكروان‎
339846,베이워치: SOS 해상 구조대
646875,"POOH50 - L'ultimo abbraccio - Bologna, 30 dicembre 2016"
311,원스 어폰 어 타임 인 아메리카
9732,라이온 킹 2
396422,애나벨: 인형의 주인
270303,팔로우
399121,나는 고발한다
11931,당신이 그녀라면
446696,라이프 잇셀프
62764,백설공주
10757,कभी ख़ुशी कभी ग़म
8009,하이랜더
225574,논스톱
491584,버닝
280960,카탈리나 앤 디 아더스
10719,엘프
377,나이트메어
307081,사우스포
519010,페인 앤 글로리
11562,범죄와 비행
9741,언브레이커블
948,할로윈
124905,고질라
89,인디아나 존스: 최후의 성전
390634,페이트／스테이 나이트 [헤븐즈 필] II. 로스트 버터플라이
345887,더 이퀄라이저 2
201088,블랙코드
63,12 몽키즈
769,좋은 친구들
2976,헤어스프레이
13836,윗치 마운틴
5910,하나비
41154,맨 인 블랙 3
540158,High Strung Free Dance
502416,마
27022,마법사의 제자
339964,발레리안: 천 개 행성의 도시
75612,오블리비언
453755,아틱
10200,지구가 멈추는 날
630,오즈의 마법사
620,고스트버스터즈
45772,노미오와 줄리엣
2024,패트리어트 - 늪 속의 여우
1979,판타스틱 4 - 실버 서퍼의 위협
4327,미녀 삼총사
13004,다이아몬드 성의 바비
11549,신체 강탈자의 침입
486131,샤프트
14161,2012
102382,어메이징 스파이더맨 2
267860,런던 해즈 폴른
4593,부르주아의 은밀한 매력
14836,코렐라인: 비밀의 문
504562,마더리스 브루클린
241259,거울나라의 앨리스
461809,बाबूमोशाय बन्दूकबाज़
141,도니 다코
10693,피터팬
159824,몬스터 호텔 2
9715,사랑이 다시 올 때
438799,오버로드
1422,디파티드
954,미션 임파서블
22970,캐빈 인 더 우즈
207933,히든 아이덴티티
152601,그녀
9610,코난 2 - 디스트로이어
24021,이클립스
415,배트맨 앤 로빈
153518,앵그리 버드 더 무비
50620,브레이킹 던 Part2
8871,그린치
158,노킹 온 헤븐스 도어
348893,보이카: 언디스퓨티드 파이널
596652,சிவப்பு மஞ்சள் பச்சை
76492,몬스터 호텔
429197,바이스
556803,크리스마스 스위치
9603,클루리스
2062,라따뚜이
37799,소셜 네트워크
86331,Q - 섹스힐링
1701,콘 에어
335797,씽
1927,헐크
942,리썰 웨폰 2
213,북북서로 진로를 돌려라
390043,킬러의 보디가드
640,캐치 미 이프 유 캔
500664,업그레이드
240832,루시
396371,몰리스 게임
2013,잠수종과 나비
11360,덤보
399035,커뮤터
260514,카 3: 새로운 도전
442062,구스범스: 몬스터의 역습
80295,Der Frühreifen-Report
60304,헨젤과 그레텔 마녀 사냥꾼
40807,50/50
10998,위험한 정사
865,런닝 맨
36643,007 언리미티드
439079,더 넌
128,모노노케 히메
161,오션스 일레븐
418879,커런트 워
427641,램페이지
181283,차일드 44
57201,론 레인저
4108,트랜스포터
496891,걸즈 앤 판처 최종장 제2화
575771,La misma sangre
643,전함 포템킨
372343,스노우맨
36647,블레이드
1571,다이 하드 4.0
8367,의적 로빈 후드
2501,본 아이덴티티
535308,Hala
254904,노벰버 맨
6282,코요테 어글리
648043,The Driver
438650,콜드 체이싱
10048,스텔스
353326,무한대를 본 남자
36955,트루 라이즈
336843,메이즈 러너: 데스 큐어
565310,더 페어웰
384521,클로버필드 패러독스
574,나는 비밀을 알고 있다
445571,게임 나이트
596962,Burden of Proof
10426,프라이데이 3 - 프라이데이 에프터 넥스트
309809,어린왕자
